x2,thin,deg,dummy,thin,min_val,avg_val,max_val
0,0,0,,0,0,4.856333335,7.87666667
0.101317123,0,0.566666667,,1,8.16,9.112000001,9.97333333
0.202634245,0,2.266666667,,2,10.2,10.91400001,11.6733333
0.303951368,0,3.966666667,,3,11.7866667,12.39866667,13.0333333
0.40526849,0,5.666666667,,4,13.1466667,13.69066666,14.2233333
0.506585613,0,6.233333333,,5,14.3366667,14.83533334,15.3
0.607902736,0,6.8,,6,15.4133333,15.91766666,16.32
0.709219858,0,7.536666667,,7,16.4333333,16.8048148,17.17
0.810536981,0,7.65,,8,17.2833333,17.64033333,18.02
0.911854103,0,7.876666667,,9,18.1333333,18.462,18.7566667
1.013171226,1,8.16,,10,18.8133333,19.18733333,19.4933333
1.114488349,1,8.386666667,,11,19.6066667,19.91266667,20.23
1.215805471,1,8.67,,12,20.23,20.58133333,20.91
1.317122594,1,8.896666667,,13,20.9666667,21.267,21.5333333
1.418439716,1,9.066666667,,14,21.59,21.90733334,22.2133333
1.519756839,1,9.18,,15,22.27,22.53444446,22.78
1.621073961,1,9.406666667,,16,22.78,23.12566667,23.46
1.722391084,1,9.633333333,,17,23.5166667,23.74900001,24.0266667
1.823708207,1,9.746666667,,18,24.0833333,24.33833333,24.5933333
1.925025329,1,9.973333333,,19,24.7066667,24.91066666,25.16
2.026342452,2,10.2,,20,25.2166667,25.449,25.67
2.127659574,2,10.42666667,,21,25.7266667,26.03266667,26.35
2.228976697,2,10.54,,22,26.35,26.52,26.8033333
2.33029382,2,10.71,,23,26.8033333,27.0174074,27.2
2.431610942,2,10.76666667,,24,27.3133333,27.472,27.6533333
2.532928065,2,10.93666667,,25,27.71,27.948,28.1066667
2.634245187,2,11.10666667,,26,28.1633333,28.407,28.6166667
2.73556231,2,11.27666667,,27,28.6166667,28.85466666,29.07
2.836879433,2,11.50333333,,28,29.1266667,29.26266667,29.41
2.938196555,2,11.67333333,,29,29.5233333,29.69333333,29.92
3.039513678,3,11.78666667,,30,29.92,30.05851852,30.2033333
3.1408308,3,11.95666667,,31,30.2033333,30.37899999,30.5433333
3.242147923,3,12.07,,32,30.6,30.753,30.8833333
3.343465046,3,12.18333333,,33,30.94,31.07033334,31.2233333
3.444782168,3,12.29666667,,34,31.2233333,31.39899999,31.5066667
3.546099291,3,12.46666667,,35,31.62,31.69933335,31.8466667
3.647416413,3,12.58,,36,31.9033333,31.97133332,32.13
3.748733536,3,12.75,,37,32.1866667,32.24900001,32.4133333
3.850050659,3,12.86333333,,38,32.4133333,32.46370369,32.5833333
3.951367781,3,13.03333333,,39,32.64,32.69100002,32.7533333
4.052684904,4,13.14666667,,40,32.7533333,32.91766665,32.98
4.154002026,4,13.26,,41,32.98,33.10466668,33.2066667
4.255319149,4,13.37333333,,42,33.2066667,33.24066669,33.3766667
4.356636272,4,13.54333333,,43,33.4333333,33.45033331,33.49
4.457953394,4,13.6,,44,33.49,33.541,33.66
4.559270517,4,13.77,,45,33.66,33.70533336,33.7166667
4.660587639,4,13.88333333,,46,33.7166667,33.7166667,33.7166667
4.761904762,4,13.99666667,,47,33.7733333,33.90933332,34
4.863221884,4,14.11,,48,34,34,34
4.964539007,4,14.22333333,,49,34,34,34
5.06585613,5,14.33666667,,50,34,34,34
5.167173252,5,14.45,,51,34,34,34
5.268490375,5,14.56333333,,52,34,34,34
5.369807497,5,14.67666667,,53,34,34,34
5.47112462,5,14.84666667,,54,34,34,34
5.572441743,5,14.90333333,,55,34,34,34
5.673758865,5,15.01666667,,56,33.7733333,33.91499999,34
5.775075988,5,15.07333333,,57,33.7166667,33.72233336,33.7733333
5.87639311,5,15.18666667,,58,33.66,33.71100003,33.7166667
5.977710233,5,15.3,,59,33.49,33.52966667,33.66
6.079027356,6,15.41333333,,60,33.3766667,33.43333331,33.49
6.180344478,6,15.58333333,,61,33.2066667,33.24444446,33.32
6.281661601,6,15.69666667,,62,32.98,33.10466668,33.2066667
6.382978723,6,15.75333333,,63,32.7533333,32.87799998,32.98
6.484295846,6,15.86666667,,64,32.47,32.63433335,32.6966667
6.585612969,6,15.98,,65,32.2433333,32.38499998,32.47
6.686930091,6,16.09333333,,66,31.96,32.10166668,32.1866667
6.788247214,6,16.15,,67,31.6766667,31.78433333,31.9033333
6.889564336,6,16.32,,68,31.2233333,31.44999999,31.62
6.990881459,6,16.32,,69,30.94,31.08481482,31.2233333
7.092198582,7,16.43333333,,70,30.5433333,30.719,30.8833333
7.193515704,7,16.60333333,,71,30.09,30.28266667,30.4866667
7.294832827,7,16.66,,72,29.6366667,29.82933333,30.09
7.396149949,7,16.66,,73,29.07,29.308,29.58
7.497467072,7,16.77333333,,74,28.56,28.798,29.07
7.598784195,7,16.88666667,,75,27.88,28.20866666,28.4466667
7.700101317,7,16.94333333,,76,27.37,27.61555556,27.88
7.80141844,7,17.11333333,,77,26.5766667,26.99033334,27.3133333
7.902735562,7,17.17,,78,26.0666667,26.367,26.5766667
8.004052685,8,17.28333333,,79,25.2166667,25.57366666,26.01
8.105369807,8,17.34,,80,24.3666667,24.72933333,25.16
8.20668693,8,17.45333333,,81,23.46,23.86233334,24.31
8.308004053,8,17.51,,82,22.4966667,22.93866666,23.4033333
8.409321175,8,17.62333333,,83,21.4766667,21.97533334,22.44
8.510638298,8,17.68,,84,20.6266667,21.01074076,21.42
8.61195542,8,17.73666667,,85,19.55,20.03166666,20.5133333
8.713272543,8,17.85,,86,18.53,19.00033333,19.4366667
8.814589666,8,17.90666667,,87,17.51,17.986,18.4166667
8.915906788,8,18.02,,88,16.4333333,16.94333333,17.3966667
9.017223911,9,18.13333333,,89,15.3566667,15.844,16.3766667
9.118541033,9,18.19,,90,14.1666667,14.705,15.1866667
9.219858156,9,18.24666667,,91,13.0333333,13.55466666,14.0533333
9.321175279,9,18.36,,92,11.9566667,12.45407409,12.92
9.422492401,9,18.47333333,,93,10.7666667,11.27099999,11.8433333
9.523809524,9,18.53,,94,9.46333333,10.03566667,10.5966667
9.625126646,9,18.58666667,,95,8.16,8.760666667,9.35
9.726443769,9,18.64333333,,96,6.8,7.389333333,7.99
9.827760892,9,18.7,,97,5.44,6.035,6.68666667
9.929078014,9,18.75666667,,98,3.91,4.612666667,5.27
10.03039514,10,18.81333333,,99,0.28333333,2.594074073,3.79666667
10.13171226,10,18.92666667,,100,0,0,0
10.23302938,10,19.04,,,,,
10.3343465,10,19.15333333,,,,,
10.43566363,10,19.15333333,,,,,
10.53698075,10,19.21,,,,,
10.63829787,10,19.26666667,,,,,
10.73961499,10,19.38,,,,,
10.84093212,10,19.43666667,,,,,
10.94224924,10,19.49333333,,,,,
11.04356636,11,19.60666667,,,,,
11.14488349,11,19.66333333,,,,,
11.24620061,11,19.72,,,,,
11.34751773,11,19.77666667,,,,,
11.44883485,11,19.89,,,,,
11.55015198,11,19.94666667,,,,,
11.6514691,11,20.00333333,,,,,
11.75278622,11,20.11666667,,,,,
11.85410334,11,20.17333333,,,,,
11.95542047,11,20.23,,,,,
12.05673759,12,20.23,,,,,
12.15805471,12,20.34333333,,,,,
12.25937183,12,20.4,,,,,
12.36068896,12,20.45666667,,,,,
12.46200608,12,20.51333333,,,,,
12.5633232,12,20.68333333,,,,,
12.66464032,12,20.74,,,,,
12.76595745,12,20.74,,,,,
12.86727457,12,20.79666667,,,,,
12.96859169,12,20.91,,,,,
13.06990881,13,20.96666667,,,,,
13.17122594,13,21.02333333,,,,,
13.27254306,13,21.13666667,,,,,
13.37386018,13,21.19333333,,,,,
13.4751773,13,21.25,,,,,
13.57649443,13,21.30666667,,,,,
13.67781155,13,21.36333333,,,,,
13.77912867,13,21.42,,,,,
13.8804458,13,21.47666667,,,,,
13.98176292,13,21.53333333,,,,,
14.08308004,14,21.59,,,,,
14.18439716,14,21.64666667,,,,,
14.28571429,14,21.76,,,,,
14.38703141,14,21.81666667,,,,,
14.48834853,14,21.87333333,,,,,
14.58966565,14,21.98666667,,,,,
14.69098278,14,21.98666667,,,,,
14.7922999,14,22.04333333,,,,,
14.89361702,14,22.15666667,,,,,
14.99493414,14,22.21333333,,,,,
15.09625127,15,22.27,,,,,
15.19756839,15,22.32666667,,,,,
15.29888551,15,22.44,,,,,
15.40020263,15,22.49666667,,,,,
15.50151976,15,22.49666667,,,,,
15.60283688,15,22.61,,,,,
15.704154,15,22.66666667,,,,,
15.80547112,15,22.72333333,,,,,
15.90678825,15,22.78,,,,,
16.00810537,16,22.78,,,,,
16.10942249,16,22.89333333,,,,,
16.21073961,16,23.00666667,,,,,
16.31205674,16,23.00666667,,,,,
16.41337386,16,23.06333333,,,,,
16.51469098,16,23.17666667,,,,,
16.61600811,16,23.23333333,,,,,
16.71732523,16,23.29,,,,,
16.81864235,16,23.34666667,,,,,
16.91995947,16,23.46,,,,,
17.0212766,17,23.51666667,,,,,
17.12259372,17,23.51666667,,,,,
17.22391084,17,23.57333333,,,,,
17.32522796,17,23.68666667,,,,,
17.42654509,17,23.74333333,,,,,
17.52786221,17,23.8,,,,,
17.62917933,17,23.8,,,,,
17.73049645,17,23.85666667,,,,,
17.83181358,17,23.97,,,,,
17.9331307,17,24.02666667,,,,,
18.03444782,18,24.08333333,,,,,
18.13576494,18,24.14,,,,,
18.23708207,18,24.19666667,,,,,
18.33839919,18,24.25333333,,,,,
18.43971631,18,24.31,,,,,
18.54103343,18,24.36666667,,,,,
18.64235056,18,24.42333333,,,,,
18.74366768,18,24.48,,,,,
18.8449848,18,24.53666667,,,,,
18.94630193,18,24.59333333,,,,,
19.04761905,19,24.70666667,,,,,
19.14893617,19,24.76333333,,,,,
19.25025329,19,24.76333333,,,,,
19.35157042,19,24.82,,,,,
19.45288754,19,24.82,,,,,
19.55420466,19,24.93333333,,,,,
19.65552178,19,24.99,,,,,
19.75683891,19,25.04666667,,,,,
19.85815603,19,25.10333333,,,,,
19.95947315,19,25.16,,,,,
20.06079027,20,25.21666667,,,,,
20.1621074,20,25.27333333,,,,,
20.26342452,20,25.33,,,,,
20.36474164,20,25.38666667,,,,,
20.46605876,20,25.44333333,,,,,
20.56737589,20,25.5,,,,,
20.66869301,20,25.5,,,,,
20.77001013,20,25.55666667,,,,,
20.87132725,20,25.61333333,,,,,
20.97264438,20,25.67,,,,,
21.0739615,21,25.72666667,,,,,
21.17527862,21,25.78333333,,,,,
21.27659574,21,25.89666667,,,,,
21.37791287,21,25.95333333,,,,,
21.47922999,21,26.01,,,,,
21.58054711,21,26.06666667,,,,,
21.68186424,21,26.06666667,,,,,
21.78318136,21,26.18,,,,,
21.88449848,21,26.29333333,,,,,
21.9858156,21,26.35,,,,,
22.08713273,22,26.35,,,,,
22.18844985,22,26.35,,,,,
22.28976697,22,26.35,,,,,
22.39108409,22,26.35,,,,,
22.49240122,22,26.52,,,,,
22.59371834,22,26.52,,,,,
22.69503546,22,26.57666667,,,,,
22.79635258,22,26.63333333,,,,,
22.89766971,22,26.74666667,,,,,
22.99898683,22,26.80333333,,,,,
23.10030395,23,26.80333333,,,,,
23.20162107,23,26.86,,,,,
23.3029382,23,26.91666667,,,,,
23.40425532,23,26.97333333,,,,,
23.50557244,23,27.03,,,,,
23.60688956,23,27.08666667,,,,,
23.70820669,23,27.14333333,,,,,
23.80952381,23,27.14333333,,,,,
23.91084093,23,27.2,,,,,
24.01215805,24,27.31333333,,,,,
24.11347518,24,27.31333333,,,,,
24.2147923,24,27.37,,,,,
24.31610942,24,27.37,,,,,
24.41742655,24,27.42666667,,,,,
24.51874367,24,27.54,,,,,
24.62006079,24,27.54,,,,,
24.72137791,24,27.59666667,,,,,
24.82269504,24,27.59666667,,,,,
24.92401216,24,27.65333333,,,,,
25.02532928,25,27.71,,,,,
25.1266464,25,27.82333333,,,,,
25.22796353,25,27.82333333,,,,,
25.32928065,25,27.88,,,,,
25.43059777,25,27.88,,,,,
25.53191489,25,27.99333333,,,,,
25.63323202,25,28.05,,,,,
25.73454914,25,28.10666667,,,,,
25.83586626,25,28.10666667,,,,,
25.93718338,25,28.10666667,,,,,
26.03850051,26,28.16333333,,,,,
26.13981763,26,28.27666667,,,,,
26.24113475,26,28.33333333,,,,,
26.34245187,26,28.33333333,,,,,
26.443769,26,28.39,,,,,
26.54508612,26,28.39,,,,,
26.64640324,26,28.44666667,,,,,
26.74772036,26,28.56,,,,,
26.84903749,26,28.56,,,,,
26.95035461,26,28.61666667,,,,,
27.05167173,27,28.61666667,,,,,
27.15298886,27,28.67333333,,,,,
27.25430598,27,28.78666667,,,,,
27.3556231,27,28.84333333,,,,,
27.45694022,27,28.84333333,,,,,
27.55825735,27,28.84333333,,,,,
27.65957447,27,28.9,,,,,
27.76089159,27,28.95666667,,,,,
27.86220871,27,29.01333333,,,,,
27.96352584,27,29.07,,,,,
28.06484296,28,29.12666667,,,,,
28.16616008,28,29.12666667,,,,,
28.2674772,28,29.12666667,,,,,
28.36879433,28,29.18333333,,,,,
28.47011145,28,29.24,,,,,
28.57142857,28,29.29666667,,,,,
28.67274569,28,29.35333333,,,,,
28.77406282,28,29.35333333,,,,,
28.87537994,28,29.41,,,,,
28.97669706,28,29.41,,,,,
29.07801418,29,29.52333333,,,,,
29.17933131,29,29.58,,,,,
29.28064843,29,29.58,,,,,
29.38196555,29,29.63666667,,,,,
29.48328267,29,29.63666667,,,,,
29.5845998,29,29.69333333,,,,,
29.68591692,29,29.69333333,,,,,
29.78723404,29,29.80666667,,,,,
29.88855117,29,29.86333333,,,,,
29.98986829,29,29.92,,,,,
30.09118541,30,29.92,,,,,
30.19250253,30,29.92,,,,,
30.29381966,30,29.97666667,,,,,
30.39513678,30,30.03333333,,,,,
30.4964539,30,30.09,,,,,
30.59777102,30,30.09,,,,,
30.69908815,30,30.14666667,,,,,
30.80040527,30,30.14666667,,,,,
30.90172239,30,30.20333333,,,,,
31.00303951,31,30.20333333,,,,,
31.10435664,31,30.26,,,,,
31.20567376,31,30.31666667,,,,,
31.30699088,31,30.37333333,,,,,
31.408308,31,30.37333333,,,,,
31.50962513,31,30.37333333,,,,,
31.61094225,31,30.43,,,,,
31.71225937,31,30.43,,,,,
31.81357649,31,30.48666667,,,,,
31.91489362,31,30.54333333,,,,,
32.01621074,32,30.6,,,,,
32.11752786,32,30.65666667,,,,,
32.21884498,32,30.65666667,,,,,
32.32016211,32,30.65666667,,,,,
32.42147923,32,30.71333333,,,,,
32.52279635,32,30.77,,,,,
32.62411348,32,30.82666667,,,,,
32.7254306,32,30.88333333,,,,,
32.82674772,32,30.88333333,,,,,
32.92806484,32,30.88333333,,,,,
33.02938197,33,30.94,,,,,
33.13069909,33,30.94,,,,,
33.23201621,33,30.94,,,,,
33.33333333,33,30.99666667,,,,,
33.43465046,33,31.05333333,,,,,
33.53596758,33,31.11,,,,,
33.6372847,33,31.16666667,,,,,
33.73860182,33,31.16666667,,,,,
33.83991895,33,31.16666667,,,,,
33.94123607,33,31.22333333,,,,,
34.04255319,34,31.22333333,,,,,
34.14387031,34,31.33666667,,,,,
34.24518744,34,31.39333333,,,,,
34.34650456,34,31.39333333,,,,,
34.44782168,34,31.39333333,,,,,
34.5491388,34,31.39333333,,,,,
34.65045593,34,31.45,,,,,
34.75177305,34,31.45,,,,,
34.85309017,34,31.45,,,,,
34.95440729,34,31.50666667,,,,,
35.05572442,35,31.62,,,,,
35.15704154,35,31.62,,,,,
35.25835866,35,31.67666667,,,,,
35.35967579,35,31.67666667,,,,,
35.46099291,35,31.67666667,,,,,
35.56231003,35,31.67666667,,,,,
35.66362715,35,31.67666667,,,,,
35.76494428,35,31.73333333,,,,,
35.8662614,35,31.79,,,,,
35.96757852,35,31.84666667,,,,,
36.06889564,36,31.90333333,,,,,
36.17021277,36,31.90333333,,,,,
36.27152989,36,31.90333333,,,,,
36.37284701,36,31.90333333,,,,,
36.47416413,36,31.96,,,,,
36.57548126,36,31.96,,,,,
36.67679838,36,31.96,,,,,
36.7781155,36,32.01666667,,,,,
36.87943262,36,32.07333333,,,,,
36.98074975,36,32.13,,,,,
37.08206687,37,32.18666667,,,,,
37.18338399,37,32.18666667,,,,,
37.28470111,37,32.18666667,,,,,
37.38601824,37,32.18666667,,,,,
37.48733536,37,32.18666667,,,,,
37.58865248,37,32.24333333,,,,,
37.6899696,37,32.24333333,,,,,
37.79128673,37,32.3,,,,,
37.89260385,37,32.35666667,,,,,
37.99392097,37,32.41333333,,,,,
38.0952381,38,32.41333333,,,,,
38.19655522,38,32.41333333,,,,,
38.29787234,38,32.41333333,,,,,
38.39918946,38,32.47,,,,,
38.50050659,38,32.47,,,,,
38.60182371,38,32.47,,,,,
38.70314083,38,32.47,,,,,
38.80445795,38,32.47,,,,,
38.90577508,38,32.58333333,,,,,
39.0070922,39,32.64,,,,,
39.10840932,39,32.64,,,,,
39.20972644,39,32.69666667,,,,,
39.31104357,39,32.69666667,,,,,
39.41236069,39,32.69666667,,,,,
39.51367781,39,32.69666667,,,,,
39.61499493,39,32.69666667,,,,,
39.71631206,39,32.69666667,,,,,
39.81762918,39,32.69666667,,,,,
39.9189463,39,32.75333333,,,,,
40.02026342,40,32.75333333,,,,,
40.12158055,40,32.86666667,,,,,
40.22289767,40,32.92333333,,,,,
40.32421479,40,32.92333333,,,,,
40.42553191,40,32.92333333,,,,,
40.52684904,40,32.92333333,,,,,
40.62816616,40,32.92333333,,,,,
40.72948328,40,32.98,,,,,
40.83080041,40,32.98,,,,,
40.93211753,40,32.98,,,,,
41.03343465,41,32.98,,,,,
41.13475177,41,32.98,,,,,
41.2360689,41,32.98,,,,,
41.33738602,41,33.03666667,,,,,
41.43870314,41,33.15,,,,,
41.54002026,41,33.15,,,,,
41.64133739,41,33.15,,,,,
41.74265451,41,33.20666667,,,,,
41.84397163,41,33.20666667,,,,,
41.94528875,41,33.20666667,,,,,
42.04660588,42,33.20666667,,,,,
42.147923,42,33.20666667,,,,,
42.24924012,42,33.20666667,,,,,
42.35055724,42,33.20666667,,,,,
42.45187437,42,33.20666667,,,,,
42.55319149,42,33.20666667,,,,,
42.65450861,42,33.20666667,,,,,
42.75582573,42,33.26333333,,,,,
42.85714286,42,33.32,,,,,
42.95845998,42,33.37666667,,,,,
43.0597771,43,33.43333333,,,,,
43.16109422,43,33.43333333,,,,,
43.26241135,43,33.43333333,,,,,
43.36372847,43,33.43333333,,,,,
43.46504559,43,33.43333333,,,,,
43.56636272,43,33.43333333,,,,,
43.66767984,43,33.43333333,,,,,
43.76899696,43,33.49,,,,,
43.87031408,43,33.49,,,,,
43.97163121,43,33.49,,,,,
44.07294833,44,33.49,,,,,
44.17426545,44,33.49,,,,,
44.27558257,44,33.49,,,,,
44.3768997,44,33.49,,,,,
44.47821682,44,33.49,,,,,
44.57953394,44,33.49,,,,,
44.68085106,44,33.54666667,,,,,
44.78216819,44,33.60333333,,,,,
44.88348531,44,33.66,,,,,
44.98480243,44,33.66,,,,,
45.08611955,45,33.66,,,,,
45.18743668,45,33.66,,,,,
45.2887538,45,33.71666667,,,,,
45.39007092,45,33.71666667,,,,,
45.49138804,45,33.71666667,,,,,
45.59270517,45,33.71666667,,,,,
45.69402229,45,33.71666667,,,,,
45.79533941,45,33.71666667,,,,,
45.89665653,45,33.71666667,,,,,
45.99797366,45,33.71666667,,,,,
46.09929078,46,33.71666667,,,,,
46.2006079,46,33.71666667,,,,,
46.30192503,46,33.71666667,,,,,
46.40324215,46,33.71666667,,,,,
46.50455927,46,33.71666667,,,,,
46.60587639,46,33.71666667,,,,,
46.70719352,46,33.71666667,,,,,
46.80851064,46,33.71666667,,,,,
46.90982776,46,33.71666667,,,,,
47.01114488,47,33.77333333,,,,,
47.11246201,47,33.77333333,,,,,
47.21377913,47,33.77333333,,,,,
47.31509625,47,33.77333333,,,,,
47.41641337,47,34,,,,,
47.5177305,47,34,,,,,
47.61904762,47,34,,,,,
47.72036474,47,34,,,,,
47.82168186,47,34,,,,,
47.92299899,47,34,,,,,
48.02431611,48,34,,,,,
48.12563323,48,34,,,,,
48.22695035,48,34,,,,,
48.32826748,48,34,,,,,
48.4295846,48,34,,,,,
48.53090172,48,34,,,,,
48.63221884,48,34,,,,,
48.73353597,48,34,,,,,
48.83485309,48,34,,,,,
48.93617021,48,34,,,,,
49.03748734,49,34,,,,,
49.13880446,49,34,,,,,
49.24012158,49,34,,,,,
49.3414387,49,34,,,,,
49.44275583,49,34,,,,,
49.54407295,49,34,,,,,
49.64539007,49,34,,,,,
49.74670719,49,34,,,,,
49.84802432,49,34,,,,,
49.94934144,49,34,,,,,
50.05065856,50,34,,,,,
50.15197568,50,34,,,,,
50.25329281,50,34,,,,,
50.35460993,50,34,,,,,
50.45592705,50,34,,,,,
50.55724417,50,34,,,,,
50.6585613,50,34,,,,,
50.75987842,50,34,,,,,
50.86119554,50,34,,,,,
50.96251266,50,34,,,,,
51.06382979,51,34,,,,,
51.16514691,51,34,,,,,
51.26646403,51,34,,,,,
51.36778116,51,34,,,,,
51.46909828,51,34,,,,,
51.5704154,51,34,,,,,
51.67173252,51,34,,,,,
51.77304965,51,34,,,,,
51.87436677,51,34,,,,,
51.97568389,51,34,,,,,
52.07700101,52,34,,,,,
52.17831814,52,34,,,,,
52.27963526,52,34,,,,,
52.38095238,52,34,,,,,
52.4822695,52,34,,,,,
52.58358663,52,34,,,,,
52.68490375,52,34,,,,,
52.78622087,52,34,,,,,
52.88753799,52,34,,,,,
52.98885512,52,34,,,,,
53.09017224,53,34,,,,,
53.19148936,53,34,,,,,
53.29280648,53,34,,,,,
53.39412361,53,34,,,,,
53.49544073,53,34,,,,,
53.59675785,53,34,,,,,
53.69807497,53,34,,,,,
53.7993921,53,34,,,,,
53.90070922,53,34,,,,,
54.00202634,54,34,,,,,
54.10334347,54,34,,,,,
54.20466059,54,34,,,,,
54.30597771,54,34,,,,,
54.40729483,54,34,,,,,
54.50861196,54,34,,,,,
54.60992908,54,34,,,,,
54.7112462,54,34,,,,,
54.81256332,54,34,,,,,
54.91388045,54,34,,,,,
55.01519757,55,34,,,,,
55.11651469,55,34,,,,,
55.21783181,55,34,,,,,
55.31914894,55,34,,,,,
55.42046606,55,34,,,,,
55.52178318,55,34,,,,,
55.6231003,55,34,,,,,
55.72441743,55,34,,,,,
55.82573455,55,34,,,,,
55.92705167,55,34,,,,,
56.02836879,56,34,,,,,
56.12968592,56,34,,,,,
56.23100304,56,34,,,,,
56.33232016,56,33.94333333,,,,,
56.43363728,56,33.94333333,,,,,
56.53495441,56,33.94333333,,,,,
56.63627153,56,33.88666667,,,,,
56.73758865,56,33.83,,,,,
56.83890578,56,33.83,,,,,
56.9402229,56,33.77333333,,,,,
57.04154002,57,33.77333333,,,,,
57.14285714,57,33.71666667,,,,,
57.24417427,57,33.71666667,,,,,
57.34549139,57,33.71666667,,,,,
57.44680851,57,33.71666667,,,,,
57.54812563,57,33.71666667,,,,,
57.64944276,57,33.71666667,,,,,
57.75075988,57,33.71666667,,,,,
57.852077,57,33.71666667,,,,,
57.95339412,57,33.71666667,,,,,
58.05471125,58,33.71666667,,,,,
58.15602837,58,33.71666667,,,,,
58.25734549,58,33.71666667,,,,,
58.35866261,58,33.71666667,,,,,
58.45997974,58,33.71666667,,,,,
58.56129686,58,33.71666667,,,,,
58.66261398,58,33.71666667,,,,,
58.7639311,58,33.71666667,,,,,
58.86524823,58,33.71666667,,,,,
58.96656535,58,33.66,,,,,
59.06788247,59,33.66,,,,,
59.16919959,59,33.66,,,,,
59.27051672,59,33.54666667,,,,,
59.37183384,59,33.49,,,,,
59.47315096,59,33.49,,,,,
59.57446809,59,33.49,,,,,
59.67578521,59,33.49,,,,,
59.77710233,59,33.49,,,,,
59.87841945,59,33.49,,,,,
59.97973658,59,33.49,,,,,
60.0810537,60,33.49,,,,,
60.18237082,60,33.43333333,,,,,
60.28368794,60,33.43333333,,,,,
60.38500507,60,33.43333333,,,,,
60.48632219,60,33.43333333,,,,,
60.58763931,60,33.43333333,,,,,
60.68895643,60,33.43333333,,,,,
60.79027356,60,33.43333333,,,,,
60.89159068,60,33.43333333,,,,,
60.9929078,60,33.37666667,,,,,
61.09422492,61,33.32,,,,,
61.19554205,61,33.32,,,,,
61.29685917,61,33.26333333,,,,,
61.39817629,61,33.26333333,,,,,
61.49949341,61,33.20666667,,,,,
61.60081054,61,33.20666667,,,,,
61.70212766,61,33.20666667,,,,,
61.80344478,61,33.20666667,,,,,
61.9047619,61,33.20666667,,,,,
62.00607903,62,33.20666667,,,,,
62.10739615,62,33.20666667,,,,,
62.20871327,62,33.20666667,,,,,
62.3100304,62,33.20666667,,,,,
62.41134752,62,33.15,,,,,
62.51266464,62,33.15,,,,,
62.61398176,62,32.98,,,,,
62.71529889,62,32.98,,,,,
62.81661601,62,32.98,,,,,
62.91793313,62,32.98,,,,,
63.01925025,63,32.98,,,,,
63.12056738,63,32.92333333,,,,,
63.2218845,63,32.92333333,,,,,
63.32320162,63,32.92333333,,,,,
63.42451874,63,32.92333333,,,,,
63.52583587,63,32.92333333,,,,,
63.62715299,63,32.86666667,,,,,
63.72847011,63,32.81,,,,,
63.82978723,63,32.75333333,,,,,
63.93110436,63,32.75333333,,,,,
64.03242148,64,32.69666667,,,,,
64.1337386,64,32.69666667,,,,,
64.23505572,64,32.69666667,,,,,
64.33637285,64,32.69666667,,,,,
64.43768997,64,32.69666667,,,,,
64.53900709,64,32.64,,,,,
64.64032421,64,32.64,,,,,
64.74164134,64,32.58333333,,,,,
64.84295846,64,32.52666667,,,,,
64.94427558,64,32.47,,,,,
65.04559271,65,32.47,,,,,
65.14690983,65,32.47,,,,,
65.24822695,65,32.47,,,,,
65.34954407,65,32.41333333,,,,,
65.4508612,65,32.41333333,,,,,
65.55217832,65,32.41333333,,,,,
65.65349544,65,32.41333333,,,,,
65.75481256,65,32.3,,,,,
65.85612969,65,32.24333333,,,,,
65.95744681,65,32.24333333,,,,,
66.05876393,66,32.18666667,,,,,
66.16008105,66,32.18666667,,,,,
66.26139818,66,32.18666667,,,,,
66.3627153,66,32.18666667,,,,,
66.46403242,66,32.13,,,,,
66.56534954,66,32.13,,,,,
66.66666667,66,32.07333333,,,,,
66.76798379,66,32.01666667,,,,,
66.86930091,66,31.96,,,,,
66.97061803,66,31.96,,,,,
67.07193516,67,31.90333333,,,,,
67.17325228,67,31.90333333,,,,,
67.2745694,67,31.90333333,,,,,
67.37588652,67,31.90333333,,,,,
67.47720365,67,31.79,,,,,
67.57852077,67,31.73333333,,,,,
67.67983789,67,31.67666667,,,,,
67.78115502,67,31.67666667,,,,,
67.88247214,67,31.67666667,,,,,
67.98378926,67,31.67666667,,,,,
68.08510638,68,31.62,,,,,
68.18642351,68,31.62,,,,,
68.28774063,68,31.56333333,,,,,
68.38905775,68,31.50666667,,,,,
68.49037487,68,31.45,,,,,
68.591692,68,31.39333333,,,,,
68.69300912,68,31.39333333,,,,,
68.79432624,68,31.39333333,,,,,
68.89564336,68,31.33666667,,,,,
68.99696049,68,31.22333333,,,,,
69.09827761,69,31.22333333,,,,,
69.19959473,69,31.16666667,,,,,
69.30091185,69,31.16666667,,,,,
69.40222898,69,31.16666667,,,,,
69.5035461,69,31.11,,,,,
69.60486322,69,31.05333333,,,,,
69.70618034,69,30.99666667,,,,,
69.80749747,69,30.94,,,,,
69.90881459,69,30.94,,,,,
70.01013171,70,30.88333333,,,,,
70.11144883,70,30.88333333,,,,,
70.21276596,70,30.82666667,,,,,
70.31408308,70,30.77,,,,,
70.4154002,70,30.71333333,,,,,
70.51671733,70,30.65666667,,,,,
70.61803445,70,30.65666667,,,,,
70.71935157,70,30.65666667,,,,,
70.82066869,70,30.6,,,,,
70.92198582,70,30.54333333,,,,,
71.02330294,71,30.48666667,,,,,
71.12462006,71,30.43,,,,,
71.22593718,71,30.37333333,,,,,
71.32725431,71,30.37333333,,,,,
71.42857143,71,30.31666667,,,,,
71.52988855,71,30.26,,,,,
71.63120567,71,30.20333333,,,,,
71.7325228,71,30.14666667,,,,,
71.83383992,71,30.14666667,,,,,
71.93515704,71,30.09,,,,,
72.03647416,72,30.09,,,,,
72.13779129,72,29.92,,,,,
72.23910841,72,29.92,,,,,
72.34042553,72,29.86333333,,,,,
72.44174265,72,29.86333333,,,,,
72.54305978,72,29.86333333,,,,,
72.6443769,72,29.80666667,,,,,
72.74569402,72,29.69333333,,,,,
72.84701114,72,29.63666667,,,,,
72.94832827,72,29.63666667,,,,,
73.04964539,73,29.58,,,,,
73.15096251,73,29.46666667,,,,,
73.25227964,73,29.41,,,,,
73.35359676,73,29.35333333,,,,,
73.45491388,73,29.35333333,,,,,
73.556231,73,29.29666667,,,,,
73.65754813,73,29.24,,,,,
73.75886525,73,29.18333333,,,,,
73.86018237,73,29.12666667,,,,,
73.96149949,73,29.07,,,,,
74.06281662,74,29.07,,,,,
74.16413374,74,28.95666667,,,,,
74.26545086,74,28.9,,,,,
74.36676798,74,28.84333333,,,,,
74.46808511,74,28.84333333,,,,,
74.56940223,74,28.78666667,,,,,
74.67071935,74,28.73,,,,,
74.77203647,74,28.67333333,,,,,
74.8733536,74,28.61666667,,,,,
74.97467072,74,28.56,,,,,
75.07598784,75,28.44666667,,,,,
75.17730496,75,28.39,,,,,
75.27862209,75,28.33333333,,,,,
75.37993921,75,28.33333333,,,,,
75.48125633,75,28.27666667,,,,,
75.58257345,75,28.22,,,,,
75.68389058,75,28.16333333,,,,,
75.7852077,75,28.05,,,,,
75.88652482,75,27.99333333,,,,,
75.98784195,75,27.88,,,,,
76.08915907,76,27.88,,,,,
76.19047619,76,27.82333333,,,,,
76.29179331,76,27.76666667,,,,,
76.39311044,76,27.65333333,,,,,
76.49442756,76,27.59666667,,,,,
76.59574468,76,27.54,,,,,
76.6970618,76,27.48333333,,,,,
76.79837893,76,27.42666667,,,,,
76.89969605,76,27.37,,,,,
77.00101317,77,27.31333333,,,,,
77.10233029,77,27.25666667,,,,,
77.20364742,77,27.14333333,,,,,
77.30496454,77,27.08666667,,,,,
77.40628166,77,27.03,,,,,
77.50759878,77,26.97333333,,,,,
77.60891591,77,26.91666667,,,,,
77.71023303,77,26.86,,,,,
77.81155015,77,26.74666667,,,,,
77.91286727,77,26.57666667,,,,,
78.0141844,78,26.57666667,,,,,
78.11550152,78,26.52,,,,,
78.21681864,78,26.52,,,,,
78.31813576,78,26.52,,,,,
78.41945289,78,26.52,,,,,
78.52077001,78,26.46333333,,,,,
78.62208713,78,26.29333333,,,,,
78.72340426,78,26.12333333,,,,,
78.82472138,78,26.06666667,,,,,
78.9260385,78,26.06666667,,,,,
79.02735562,79,26.01,,,,,
79.12867275,79,25.95333333,,,,,
79.22998987,79,25.95333333,,,,,
79.33130699,79,25.72666667,,,,,
79.43262411,79,25.55666667,,,,,
79.53394124,79,25.44333333,,,,,
79.63525836,79,25.33,,,,,
79.73657548,79,25.27333333,,,,,
79.8378926,79,25.27333333,,,,,
79.93920973,79,25.21666667,,,,,
80.04052685,80,25.16,,,,,
80.14184397,80,25.04666667,,,,,
80.24316109,80,24.93333333,,,,,
80.34447822,80,24.82,,,,,
80.44579534,80,24.76333333,,,,,
80.54711246,80,24.65,,,,,
80.64842958,80,24.59333333,,,,,
80.74974671,80,24.53666667,,,,,
80.85106383,80,24.42333333,,,,,
80.95238095,80,24.36666667,,,,,
81.05369807,81,24.31,,,,,
81.1550152,81,24.19666667,,,,,
81.25633232,81,24.08333333,,,,,
81.35764944,81,24.02666667,,,,,
81.45896657,81,23.91333333,,,,,
81.56028369,81,23.8,,,,,
81.66160081,81,23.68666667,,,,,
81.76291793,81,23.63,,,,,
81.86423506,81,23.51666667,,,,,
81.96555218,81,23.46,,,,,
82.0668693,82,23.40333333,,,,,
82.16818642,82,23.29,,,,,
82.26950355,82,23.23333333,,,,,
82.37082067,82,23.06333333,,,,,
82.47213779,82,23.00666667,,,,,
82.57345491,82,22.89333333,,,,,
82.67477204,82,22.78,,,,,
82.77608916,82,22.66666667,,,,,
82.87740628,82,22.55333333,,,,,
82.9787234,82,22.49666667,,,,,
83.08004053,83,22.44,,,,,
83.18135765,83,22.32666667,,,,,
83.28267477,83,22.27,,,,,
83.38399189,83,22.15666667,,,,,
83.48530902,83,22.04333333,,,,,
83.58662614,83,21.93,,,,,
83.68794326,83,21.81666667,,,,,
83.78926039,83,21.70333333,,,,,
83.89057751,83,21.59,,,,,
83.99189463,83,21.47666667,,,,,
84.09321175,84,21.42,,,,,
84.19452888,84,21.30666667,,,,,
84.295846,84,21.25,,,,,
84.39716312,84,21.13666667,,,,,
84.49848024,84,20.96666667,,,,,
84.59979737,84,20.91,,,,,
84.70111449,84,20.79666667,,,,,
84.80243161,84,20.68333333,,,,,
84.90374873,84,20.62666667,,,,,
85.00506586,85,20.51333333,,,,,
85.10638298,85,20.4,,,,,
85.2077001,85,20.23,,,,,
85.30901722,85,20.17333333,,,,,
85.41033435,85,20.11666667,,,,,
85.51165147,85,20.00333333,,,,,
85.61296859,85,19.89,,,,,
85.71428571,85,19.77666667,,,,,
85.81560284,85,19.66333333,,,,,
85.91691996,85,19.55,,,,,
86.01823708,86,19.43666667,,,,,
86.1195542,86,19.38,,,,,
86.22087133,86,19.21,,,,,
86.32218845,86,19.15333333,,,,,
86.42350557,86,19.04,,,,,
86.5248227,86,18.98333333,,,,,
86.62613982,86,18.87,,,,,
86.72745694,86,18.75666667,,,,,
86.82877406,86,18.64333333,,,,,
86.93009119,86,18.53,,,,,
87.03140831,87,18.41666667,,,,,
87.13272543,87,18.36,,,,,
87.23404255,87,18.30333333,,,,,
87.33535968,87,18.19,,,,,
87.4366768,87,18.07666667,,,,,
87.53799392,87,17.96333333,,,,,
87.63931104,87,17.79333333,,,,,
87.74062817,87,17.68,,,,,
87.84194529,87,17.56666667,,,,,
87.94326241,87,17.51,,,,,
88.04457953,88,17.39666667,,,,,
88.14589666,88,17.34,,,,,
88.24721378,88,17.22666667,,,,,
88.3485309,88,17.11333333,,,,,
88.44984802,88,17,,,,,
88.55116515,88,16.88666667,,,,,
88.65248227,88,16.77333333,,,,,
88.75379939,88,16.66,,,,,
88.85511651,88,16.60333333,,,,,
88.95643364,88,16.43333333,,,,,
89.05775076,89,16.37666667,,,,,
89.15906788,89,16.26333333,,,,,
89.26038501,89,16.09333333,,,,,
89.36170213,89,15.98,,,,,
89.46301925,89,15.86666667,,,,,
89.56433637,89,15.81,,,,,
89.6656535,89,15.64,,,,,
89.76697062,89,15.58333333,,,,,
89.86828774,89,15.47,,,,,
89.96960486,89,15.35666667,,,,,
90.07092199,90,15.18666667,,,,,
90.17223911,90,15.07333333,,,,,
90.27355623,90,14.96,,,,,
90.37487335,90,14.90333333,,,,,
90.47619048,90,14.84666667,,,,,
90.5775076,90,14.67666667,,,,,
90.67882472,90,14.56333333,,,,,
90.78014184,90,14.39333333,,,,,
90.88145897,90,14.28,,,,,
90.98277609,90,14.16666667,,,,,
91.08409321,91,14.05333333,,,,,
91.18541033,91,13.94,,,,,
91.28672746,91,13.82666667,,,,,
91.38804458,91,13.77,,,,,
91.4893617,91,13.6,,,,,
91.59067882,91,13.54333333,,,,,
91.69199595,91,13.37333333,,,,,
91.79331307,91,13.26,,,,,
91.89463019,91,13.14666667,,,,,
91.99594732,91,13.03333333,,,,,
92.09726444,92,12.92,,,,,
92.19858156,92,12.80666667,,,,,
92.29989868,92,12.69333333,,,,,
92.40121581,92,12.58,,,,,
92.50253293,92,12.46666667,,,,,
92.60385005,92,12.29666667,,,,,
92.70516717,92,12.24,,,,,
92.8064843,92,12.12666667,,,,,
92.90780142,92,11.95666667,,,,,
93.00911854,93,11.84333333,,,,,
93.11043566,93,11.67333333,,,,,
93.21175279,93,11.56,,,,,
93.31306991,93,11.39,,,,,
93.41438703,93,11.33333333,,,,,
93.51570415,93,11.16333333,,,,,
93.61702128,93,11.10666667,,,,,
93.7183384,93,10.99333333,,,,,
93.81965552,93,10.88,,,,,
93.92097264,93,10.76666667,,,,,
94.02228977,94,10.59666667,,,,,
94.12360689,94,10.48333333,,,,,
94.22492401,94,10.31333333,,,,,
94.32624113,94,10.2,,,,,
94.42755826,94,10.08666667,,,,,
94.52887538,94,9.973333333,,,,,
94.6301925,94,9.86,,,,,
94.73150963,94,9.746666667,,,,,
94.83282675,94,9.633333333,,,,,
94.93414387,94,9.463333333,,,,,
95.03546099,95,9.35,,,,,
95.13677812,95,9.18,,,,,
95.23809524,95,9.066666667,,,,,
95.33941236,95,8.953333333,,,,,
95.44072948,95,8.896666667,,,,,
95.54204661,95,8.726666667,,,,,
95.64336373,95,8.556666667,,,,,
95.74468085,95,8.443333333,,,,,
95.84599797,95,8.273333333,,,,,
95.9473151,95,8.16,,,,,
96.04863222,96,7.99,,,,,
96.14994934,96,7.876666667,,,,,
96.25126646,96,7.763333333,,,,,
96.35258359,96,7.593333333,,,,,
96.45390071,96,7.423333333,,,,,
96.55521783,96,7.253333333,,,,,
96.65653495,96,7.196666667,,,,,
96.75785208,96,7.026666667,,,,,
96.8591692,96,6.97,,,,,
96.96048632,96,6.8,,,,,
97.06180344,97,6.686666667,,,,,
97.16312057,97,6.516666667,,,,,
97.26443769,97,6.403333333,,,,,
97.36575481,97,6.176666667,,,,,
97.46707194,97,6.063333333,,,,,
97.56838906,97,5.95,,,,,
97.66970618,97,5.836666667,,,,,
97.7710233,97,5.723333333,,,,,
97.87234043,97,5.553333333,,,,,
97.97365755,97,5.44,,,,,
98.07497467,98,5.27,,,,,
98.17629179,98,5.1,,,,,
98.27760892,98,4.93,,,,,
98.37892604,98,4.816666667,,,,,
98.48024316,98,4.646666667,,,,,
98.58156028,98,4.533333333,,,,,
98.68287741,98,4.42,,,,,
98.78419453,98,4.306666667,,,,,
98.88551165,98,4.193333333,,,,,
98.98682877,98,3.91,,,,,
99.0881459,99,3.796666667,,,,,
99.18946302,99,3.626666667,,,,,
99.29078014,99,3.513333333,,,,,
99.39209726,99,3.343333333,,,,,
99.49341439,99,2.833333333,,,,,
99.59473151,99,2.55,,,,,
99.69604863,99,2.266666667,,,,,
99.79736575,99,1.133333333,,,,,
99.89868288,99,0.283333333,,,,,
100,100,0,,,,,